{"stats":{"minecraft:picked_up":{"minecraft:sand":2,"minecraft:dried_kelp_block":1,"minecraft:clay_ball":12,"botania:pebble":691,"minecraft:dirt":13},"minecraft:mined":{"minecraft:podzol":3,"minecraft:grass_block":5,"minecraft:dried_kelp_block":1,"minecraft:birch_leaves":1,"minecraft:sand":3,"minecraft:clay":3,"minecraft:dirt":5,"minecraft:dark_oak_leaves":1},"minecraft:custom":{"minecraft:time_since_rest":5748,"minecraft:crouch_one_cm":246,"minecraft:play_one_minute":5748,"minecraft:leave_game":1,"minecraft:time_since_death":5748,"minecraft:sneak_time":1264}},"DataVersion":2586}