{"stats":{"minecraft:used":{"carryon:tile_item":4,"minecraft:dirt":73,"quark:red_blossom_sapling":1},"minecraft:picked_up":{"minecraft:stick":2,"minecraft:clay_ball":60,"minecraft:dried_kelp_block":3,"minecraft:sand":13,"quark:red_blossom_sapling":1,"botania:pebble":691,"minecraft:dirt":96},"minecraft:mined":{"minecraft:podzol":24,"minecraft:grass_block":33,"minecraft:acacia_leaves":5,"quark:pink_blossom_leaves":3,"quark:yellow_blossom_leaves":5,"quark:orange_blossom_leaves":1,"minecraft:sand":13,"minecraft:dirt":39,"minecraft:dark_oak_leaves":6,"quark:lavender_blossom_leaves":3,"minecraft:spruce_leaves":3,"minecraft:dried_kelp_block":3,"minecraft:jungle_leaves":6,"minecraft:birch_leaves":6,"minecraft:oak_leaves":4,"quark:red_blossom_leaves":5,"minecraft:clay":15},"minecraft:custom":{"minecraft:open_chest":4,"minecraft:time_since_rest":18631,"minecraft:crouch_one_cm":11110,"minecraft:play_one_minute":18631,"minecraft:walk_one_cm":172,"minecraft:sneak_time":9525,"minecraft:damage_dealt":10,"minecraft:leave_game":3,"minecraft:time_since_death":18631}},"DataVersion":2586}